date,Momentum,Value,Momentum,Value,Momentum
1966-07-01,0.06924351804288048,0.009774662244624263,-0.026981516333944737,-0.011072584540845922,0.020305537471662125
1966-08-01,0.07641708117996582,0.007377210792957669,-0.07570983775742889,-0.11052158464579115,0.08272579724664536
1966-09-01,0.10293634175360247,0.05402113627511225,-0.0780888341475424,-0.03845455058568388,0.0689067338395729
1966-10-01,0.2852517932565064,0.02876780668031461,-0.25722526176258914,-0.11958229272623513,0.0803520458248195
1966-11-01,-0.2309686551463485,-0.39692360823659095,0.26430772687791604,0.2460216521430421,0.049711890600878814
1966-12-01,0.026051311845936103,-0.1237922001226778,0.0894587539197011,0.01702585653959141,0.0072832714098652294
1967-01-01,-0.6591314816497522,0.1007356064670192,-0.16242112382961207,0.3113846603421239,0.03814268921518135
1967-02-01,-0.1564583565142187,0.09236062935267797,0.06838864903460239,0.04212375790096013,-0.0333121131910152
1967-03-01,-0.02020061589290081,-0.03817926924339924,0.06461878871359929,0.044984096218511946,-0.020265922158023524
1967-04-01,0.01557248792235446,-0.09815047332947918,0.08911112986899382,0.01591634491325845,0.0282968957109173
1967-05-01,-0.04885218148536314,0.09967846357431384,-0.026511188178491064,0.008673911546149545,-0.0012118052700545896
1967-06-01,-0.24623508095672944,0.03955767155457798,0.24855149772432228,0.17857268755073924,-0.21173044158028875
1967-07-01,-0.1765763463104726,0.1350155714946267,0.07914280476611008,-0.010942830587606834,-0.07867561749442077
1967-08-01,-0.020010098764745434,0.16457951047156305,-0.045666111074681444,-0.08337639655488568,-0.032637870560738295
1967-09-01,-0.10009366621119792,0.07789331409711744,0.16431856937461764,-0.017686922116241198,-0.0894031442893584
1967-10-01,0.006870072973898248,0.011427631197613333,0.15543105478668848,-0.0543607250424141,-0.06770690498141614
1967-11-01,0.05373842313606845,-0.10868428896920179,-0.01041943849040638,0.05528196500881816,0.0521661825845778
1967-12-01,-0.16635323994698087,0.040554808662915706,0.3029289002093365,0.15014781410388853,-0.200983038681549
1968-01-01,-0.06368253701836306,0.6017754331958235,0.031842337668358214,-0.11514318080993483,-0.18196435251368437
1968-02-01,0.13962535603496587,0.16855966185830415,-0.20354807073522602,-0.16017813630346106,0.1022369679811531
1968-03-01,0.06645365995496284,-0.09182927005564882,0.03379578647727216,0.03353085702207582,0.04514191523482788
1968-04-01,-0.15948026355947847,-0.10091556171801505,0.30480617667556587,0.2575211108614011,-0.1258838643849544
1968-05-01,-0.1540451275534874,0.14772662561194677,0.26464062497114355,0.05555057353256425,-0.20287708830403325
1968-06-01,0.07937759504499028,0.20172436880109063,-0.08872735790404665,-0.1058906882971758,0.016990051743035656
1968-07-01,0.10290906265105741,0.308707982053832,0.05288246647134438,-0.08400487676868071,-0.11472937321247287
1968-08-01,0.00350602923105303,0.061817904716714916,0.16775841812090497,0.022484531229887576,-0.10619718565525953
1968-09-01,-0.09389922575571741,0.013769730231613422,0.12307659634120621,0.10690913148632812,-0.07418827168633328
1968-10-01,0.07525041929561976,0.11601406014287127,-0.09046679628996479,-0.07935348099623414,0.06789049319712606
1968-11-01,-0.04828429462526852,-0.09636709134156704,0.01863161639188121,0.11497071649920441,-0.01677826449426751
1968-12-01,-0.1214412258406077,0.1098318825984568,0.10864935874468407,-0.03075249446959469,-0.02331080460057144
1969-01-01,-0.005322154189604335,0.047799532019946474,-0.026773331010168266,-0.04084502510406039,-0.03141301396130684
1969-02-01,0.19036751821522271,0.09468030844738962,-0.11403578784625362,-0.107120125667343,0.13798606825723142
1969-03-01,0.06705373250515867,-0.06394206122691587,0.21543013137882,0.044122635539207394,-0.05526218043136212
1969-04-01,0.026456490098919053,-0.10551487092630624,0.05799780934186984,0.01676735204918121,0.01347049441056521
1969-05-01,0.07855309409359319,0.026965918473415132,0.09754598784383221,-0.032512916525825684,-0.00906975396576106
1969-06-01,0.22594632099400747,0.029756566621254477,-0.1617506750235092,-0.14761523161378684,0.1575502473335278
1969-07-01,0.26350584594690424,0.11989187773690313,-0.009225495186097757,-0.03499696599183258,0.036675795398782816
1969-08-01,-0.07143460493317587,-0.2557288477641032,0.12119603344081406,0.06896123496004816,0.04228698041130657
1969-09-01,0.09540912464332371,-0.050611177542177005,0.032573231997654876,-0.05566600160549578,0.069363150768133
1969-10-01,-0.2771154249881843,-0.09981569225875409,-0.14131071142341964,0.1135876532541572,0.06539152375034735
1969-11-01,0.21238783037458342,-0.04749402914135966,0.10395427479667219,-0.05187049752363629,0.050834186798643405
1969-12-01,0.32995829313427505,-0.12032128299650391,0.08113525379135758,-0.07025584124865483,0.006342661249297367
1970-01-01,-0.051810763558316444,0.3619789570370473,-0.0817014400423271,-0.1437464819559377,0.09209447685336697
1970-02-01,0.037576200327135045,-0.03580037601688775,-0.02700268871098864,0.05643209540472935,0.00797442993333056
1970-03-01,0.12640266498578623,0.23139757462492716,-0.10816522830461638,-0.08084216359830163,0.013965429528914986
1970-04-01,0.3983057136594551,0.322365382755315,-0.1198104098825177,-0.17228319329209424,0.05373459075415932
1970-05-01,0.07836445730172167,0.11421475623448665,-0.11964606207495493,-0.01556296054131815,0.06737690661651796
1970-06-01,0.3054929553838791,0.14267368071606656,0.11402930546409787,-0.11141778759084654,0.0986432399443361
1970-07-01,0.02214574206896404,0.028353396327609113,-0.05820945219510254,-0.006246919570788746,-0.010421246807312563
1970-08-01,-0.2476552185846253,-0.08937282340487077,-0.10771209700704282,0.12935577940128667,0.016047299735066557
1970-09-01,-0.6301078859649507,-0.14698080652233114,-0.20441803246281237,0.362165148251469,0.12875638962267422
1970-10-01,0.4712324836126254,-0.030237554363431993,0.15004241403939253,-0.12461232235669045,0.0864403636442759
1970-11-01,0.3290513921474536,-0.14149673703521803,0.03988573852880839,0.03392521700399663,0.020609680815516652
1970-12-01,0.011537605861781989,0.07183362508702162,-0.05485800644780337,-0.024614965838437048,-0.024863516786138053
1971-01-01,-0.5688723026107307,0.45250747699464733,-0.10437020579544062,0.11263565796611183,-0.03978110078835497
1971-02-01,-0.1258053591628633,0.028691212373064937,0.02284493439434496,0.011057059449920843,0.01143416990894917
1971-03-01,-0.07922370839790173,-0.06700107767022317,0.06867153670306542,0.10985705875735474,0.01727673575953389
1971-04-01,0.002460495048007832,0.006604791364620664,0.03763902773569062,0.047849099417517,0.08179300082384244
1971-05-01,0.14574663059537532,-0.09357926277446739,0.06675861019600968,-0.060191982780430066,0.052697150815200544
1971-06-01,0.17801231544120455,-0.14677690967365142,0.03750362799199357,0.005826263737577681,0.05205626074443858
1971-07-01,0.2163617490124426,0.032096298596838956,-0.11093214845442659,-0.11393155801189778,0.1507424496904425
1971-08-01,0.010306870225401107,-0.04269498112400622,0.13963172921691244,0.09913554623358009,-0.053582547164365196
1971-09-01,0.10311328287395438,-0.07160902791435063,0.042217291117141155,-0.01007324664340342,0.04191370415014935
1971-10-01,0.18439310482719443,-0.014826334896849562,-0.019397744952635167,-0.07782604951616004,0.05842509168700742
1971-11-01,0.18876609088004026,-0.10540599541959883,0.05025263462720419,0.001703426296193516,0.11230875651628011
1971-12-01,-0.16250194998527107,-0.047745305255898464,-0.03762058062233033,0.10766488462279114,0.007924221257166244
1972-01-01,-0.526927641204853,0.4189872262590677,0.10650919107916665,0.0013228032042961746,-0.09107809180075715
1972-02-01,-0.023260099882922436,-0.012270821697774062,0.08557760932668589,0.006155284146524671,0.02461295762806865
1972-03-01,0.11546505814391947,-0.06030655759338303,0.06136304618327128,-0.003955321093804295,0.02288739576471601
1972-04-01,0.06807603158680542,0.013513739094231743,0.0914484500552539,0.002105097215632435,-0.01761396359613127
1972-05-01,0.20482789974317095,-0.15785020277179967,0.07181434339550133,0.01087805745983378,0.09668406016628057
1972-06-01,0.10882397080418206,-0.02722690892721411,0.03167865066996396,-0.07029389291641408,0.057110878902911624
1972-07-01,0.18670019030467772,0.057902403154400255,0.01266760396966582,-0.08206609291287983,0.07262164883768854
1972-08-01,0.05383448667042659,0.042036518677165007,-0.12487211366699541,-1.848280141548476e-05,0.021946898430936883
1972-09-01,0.1423040041094615,-0.018779035107268638,0.0039010790174553054,-0.02466309434195942,0.08276830784665651
1972-10-01,0.18425299380927418,-0.00019274438834491342,-0.025210173951322055,0.030157860694944326,0.05428337919517012
1972-11-01,-0.022806945317745596,-0.0034280301651101255,-0.1319881874780507,0.09341549537605415,0.04523865552005325
1972-12-01,0.2368615969289427,-0.10491619041031301,0.1325968437557207,-0.07457125173732071,0.08547475679850765
1973-01-01,0.1092666876473728,0.31579880714231356,0.05452165672476962,-0.17974375074322654,0.01159143016187321
1973-02-01,0.1713507943376686,0.10329315671030165,-0.02850621405386992,-0.11275476789464622,0.04192434386987419
1973-03-01,0.13133157148585836,0.06325098757739975,0.053459888571232295,0.04078940120524787,-0.005160695613058481
1973-04-01,0.2711319192492701,0.24332110226201448,0.0919635169739775,-0.1259456332485868,-0.002545549162709687
1973-05-01,0.3759146148049849,-0.04744463446629507,0.09830416432612586,-0.06951053902695885,0.10411237676920815
1973-06-01,0.08528179137198327,0.08827627747872395,0.11377158514040861,-0.021733330274481353,-0.008144834141650549
1973-07-01,-0.5267758630756716,-0.29266233817371046,-0.20293672374556992,0.24119094507680788,0.15200650689163242
1973-08-01,0.17538580641151225,-0.07766302139159387,0.1563142332036518,0.005715308044739333,0.034087102321846766
1973-09-01,-0.12785921047978407,-0.21564104696651423,-0.0062517182739824095,0.15260331118723036,0.009776211824179364
1973-10-01,0.13287168629424834,0.14842905938255335,0.2018261056706035,-0.06071972328924491,-0.03943310533100066
1973-11-01,0.39838166053909974,0.021983108041898566,0.08780793933094515,-0.1719039041689153,0.03791453692197166
1973-12-01,0.3559399401929991,-0.23648969082960647,0.2500720472480073,0.09361022436631758,0.07095210314882172
1974-01-01,-0.7691230473046359,0.8013825034381445,-0.3023540106941646,0.06190946212242705,-0.03638666179012698
1974-02-01,0.050072568099970904,0.1033324615743138,0.053154389724495155,0.02333682382465705,-0.012243281879392812
1974-03-01,-0.07979019388764175,0.1382919842610689,-0.0675514386264022,-0.04031747483576771,0.07587665340991095
1974-05-01,0.1598651264046403,-0.04434131757906157,-0.04731217248247344,-0.09432433103295468,0.16935820691918374
1974-06-01,0.11070127300994459,0.038714676324372505,0.04982876205051909,-0.025425752028890587,0.05541424526544639
1974-07-01,0.03290343207606701,0.13177155855335673,0.04895417126606611,0.03821191794445505,-0.05578300454812809
1974-08-01,0.0470247741827616,0.11890765827521421,0.0813159586629357,0.005342364609160632,0.01481139599794277
1974-09-01,0.0627361358269842,0.2085982283661045,-0.010661452152754197,-0.06055344340483282,-0.030327401622835284
1974-10-01,0.03162031866853213,-0.5021582103346147,0.1642141296872366,0.23372680645207558,0.2820147753170248
1974-11-01,0.11878108295696538,-0.10826168757798038,0.06250872815160737,0.018872878794605807,0.06984939711246148
1974-12-01,0.2570546281454784,-0.2087917415845506,0.024691759051052392,0.019143674358937275,0.17329190588111848
1975-01-01,-1.1431834857781675,0.8210699475072698,-0.5466520064132503,0.21350221824702803,-0.01753480608812577
1975-02-01,-0.022869335788376726,-0.09975556295881643,0.06693021341568747,0.045288578852818326,0.16629983937352785
1975-03-01,-0.40376108128500177,0.15259978475359576,-0.11458917775882899,0.2097944284539931,0.025887992868507605
1975-04-01,0.09980840593618959,-0.1861917423578338,0.17424666899953334,0.0814880948994313,0.1275662948673248
1975-05-01,-0.15141477925253238,-0.04230519590536585,0.023513395875595824,0.037716115814212685,-0.011133091337845964
1975-06-01,-0.15713357060309704,0.13847622983416702,-0.04372250368607662,0.08134248505377686,-0.017253535360109377
1975-07-01,-0.06815295927822086,0.3087336175665617,-0.0734922441886192,-0.0947381423502886,0.015474398162373736
1975-08-01,0.1357722185991893,-0.09184106482325284,-0.04544726085842677,0.02080535857256851,0.1459790183096673
1975-09-01,0.12803845801916316,0.008501567801299278,-0.020267829705378486,-0.035878041106123346,0.06804760238008195
1975-10-01,0.14009637414932796,-0.11358357534268457,0.06424967671933896,0.037715411563846016,0.0932903358002578
1975-11-01,0.05873890125883928,0.004997570415955029,-0.0197719718681187,0.029152847867684562,0.026723807847664944
1975-12-01,-0.10973097054211586,0.02520181311091106,-0.03699417550010309,0.08275559877585528,0.029646260311577157
1976-01-01,-0.4332865918385984,0.4701006935311889,0.07498492596328098,0.11733474952379172,-0.14621215455038467
1976-02-01,-0.5239070804049959,0.6973171826301209,0.03099931679264917,-0.005625163522562496,-0.22443781570771462
1976-03-01,0.020921010498228622,-0.001328633330316787,0.09210103794603546,0.03306191861256661,0.06516291360461587
1976-04-01,0.06692231614107755,0.01185646744769716,-0.05530998631501539,-0.062250013503178304,0.09831701198410353
1976-05-01,0.07551314478261223,-0.156078056097569,-0.12987203941571251,-0.002269470422344106,0.14850776083789774
1976-06-01,-0.013505939984936485,-0.11591639097273179,0.043565536945311706,0.12900012033530636,0.03185290527204673
1976-07-01,0.05013122239571609,0.11565501255922586,-0.040482408248179745,-0.05008942686358311,0.055987836607913705
1976-08-01,0.12246828545032976,0.003022265875100857,-0.08286777831183854,-0.02494417940529783,0.07201988926234479
1976-09-01,0.063610545377109,-0.09684221558256131,-0.013226558391006948,0.0495094938768859,0.024239610731096768
1976-10-01,0.05956888695516102,-0.00227857171472979,-0.009089500298241852,-0.03650022280443652,0.020455711132995418
1976-11-01,-0.025245494805955074,-0.07265849746225342,0.02915798608179771,0.08283583573389813,-0.018602552916917443
1976-12-01,-0.21845542531932516,0.19441432455952218,-0.002013125828148733,0.04329966567357492,-0.03673878941584048
1977-01-01,-0.15069069146728653,0.38775341043687306,0.1059788518341532,-0.021360618123758248,-0.12187706192657938
1977-02-01,0.023023918591518512,0.09980319197075317,0.04117976284682698,-0.06231256011355339,0.01448478201185031
1977-03-01,-0.024991879225937853,0.06336531643566204,0.01571256709123819,-0.017764748509558188,0.013105552014870252
1977-04-01,0.021991912949000294,0.03805141917341462,0.08159204142226187,0.03815345519186297,-0.040380866241337486
1977-05-01,0.017109831022699085,0.06658433489613888,0.04023185124691954,-0.0025874572801731954,-0.009591354626192535
1977-06-01,-0.06745464713170717,-0.08524563427949758,0.07033462580933449,0.13617728833568757,-0.03540987414000696
1977-07-01,-0.03280065077508782,0.1306500386502838,-0.027810871657207893,-0.06294804044293602,0.02956358293909141
1977-08-01,-0.0017615906344188364,-0.05904726215183991,0.00356782013709191,-0.006426971133443874,0.05110719977060897
1977-09-01,-0.00253052026413598,0.008485433852617371,0.038908162943167075,0.03325292819960372,0.0027256804183305797
1977-10-01,0.028242086520146016,0.05302762962075966,-0.050568495842089875,-0.03913262294021223,0.03518069549462054
1977-11-01,-0.09048186879030645,-0.006728822745777413,0.08164228108881483,0.11188606473387602,-0.041550024266291126
1977-12-01,0.02172246640144678,-0.035715538245034435,0.03783261960806411,0.024177764369520433,0.012268305065030705
1978-01-01,-0.14578110679063602,0.25561094383988003,0.003522821682117067,-0.03784183586704167,-0.05291172343923511
1978-02-01,-0.038894040535816785,0.0874344333603839,0.08591669925612472,0.04063813101442335,-0.05273899273790443
1978-03-01,-0.15286457857375063,0.1070784237927325,0.06317934840495591,0.046424404827436,-0.09638100603857176
1978-04-01,-0.07559510609414143,-0.06354690215748876,0.012874368981858605,0.0803076549710283,0.04812617078686879
1978-05-01,-0.1688418443883384,0.06564950961161577,0.16331510047967673,0.08655173352422951,-0.06380663557820898
1978-06-01,0.007026943925339141,0.06538870695278523,0.055072937459883974,-0.012088742327901083,-0.0027802147865830544
1978-07-01,0.017358480526017565,-0.12606137736659584,0.10844911051642889,0.11338600876208384,0.010152272216226442
1978-08-01,-0.161660279993683,0.08593026801685999,0.22585730012717076,0.042394531366781237,-0.1145349606561187
1978-09-01,-0.06634528921143276,0.17042445947332388,-0.04626198289066843,-0.059495099032365314,0.004648430882536031
1978-10-01,0.34016440876403586,0.09219149042007004,-0.46395230692438694,-0.25926573460635427,0.33598871672659325
1978-11-01,-0.10661687151064786,-0.24529836053253934,0.22515881831678325,0.29121468720249943,0.02562262921647493
1978-12-01,0.05868852412064105,-0.15140220601321247,0.02364347883501955,0.058235167974845424,0.08376755434963964
1979-01-01,-0.26148314849693377,0.16378183364707743,0.02175084168663137,0.07197892424804493,0.02829194195814591
1979-02-01,0.015393321772671487,0.060965559468959256,-0.028522255757275045,-0.03785175662464569,0.025806757175116827
1979-03-01,-0.18574657679056933,-0.17020827927946902,0.10171435541678678,0.16386699370176847,0.0014550779456211516
1979-04-01,-0.0681205919628118,0.015274760443835033,0.03451899891798916,0.031867726557618,0.014150042048731765
1979-05-01,0.017909767730100522,0.06112929684746932,-0.013312692303792064,-0.01852007384586459,0.004431072705803857
1979-06-01,-0.042142277868799705,-0.04933144767847261,0.009432633864243523,0.03367237976125718,0.009901905288002538
1979-07-01,-0.0004840166612424812,-0.04790203771629893,-0.07649362670939468,0.06353152098006987,0.02817789903906626
1979-08-01,-0.06494696501735403,-0.12734253620166236,0.0060285840591087665,0.06369153964884597,0.031851697884206345
1979-09-01,0.058718768346035594,-0.058460426815664226,0.11319568427489701,-0.0016632830079531397,0.02507342317654459
1979-10-01,0.1714892936424161,-0.053872671432135893,0.010556432766967657,-0.0383421648257776,0.10609287754624924
1979-11-01,0.022476412153487807,-0.3115290727852544,0.3061426580832842,0.23429411441761513,0.02293233160623643
1979-12-01,-0.09904787901369455,-0.1082577146324604,0.21958559567101077,0.08880453203903417,-0.012939010302226068
1980-01-01,-0.2197948661845835,0.09039463715175099,0.24911419154693482,0.0176309482019447,-0.050512925827957564
1980-02-01,-0.02896107673540895,-0.03839521767559796,0.2008791361386152,0.04547715840601842,-0.004117109439964219
1980-03-01,0.28429453576834324,0.058975331261883604,-0.3363178625260099,-0.13354319635170872,0.18450690860270105
1980-04-01,-0.005186464552144764,-0.15136902210823122,0.07914489152684213,0.10086512456030566,0.031721517862279745
1980-05-01,-0.05939699150658953,-0.1099793313209804,-0.03988330013913087,0.09885992501447882,0.04117762701418207
1980-06-01,0.03400883708334043,-0.060711735024892834,0.07771224773556987,0.022592023270343417,0.05362643100667833
1980-07-01,-0.11050865385128344,-0.2200948030908331,0.04962844406275539,0.15780876653099185,0.07844450966841167
1980-08-01,-0.14545177532762038,-0.11130566912669024,0.17420505104220596,0.05947043005878657,0.03680791168142456
1980-09-01,-0.03577247450718002,-0.10127406222256503,0.16416786750501194,0.023566524196417405,0.06839234194248865
1980-10-01,0.008753556069865241,-0.15906351911722014,0.23043463183399637,0.01712430878656662,-0.0040128114688410335
1980-11-01,0.016511729786832952,-0.5130069481696076,0.3911011239719003,0.20469254506140422,0.07956284993965762
1980-12-01,0.11211179024382235,0.02573666709879887,-0.15160156052034418,-0.037979285638582536,0.08058402354502589
1981-01-01,-0.07243455485871524,0.36473007551300707,-0.28950264104254747,-0.14032292124362486,0.05324403822517972
1981-02-01,0.029453725664535423,0.07543051247892424,-0.09352608986769545,0.01949479094998486,0.02921368605793171
1981-03-01,-0.07312564399097374,-0.04170237770934983,-0.024003210199499594,0.08727745079560137,-0.025045484756716536
1981-04-01,0.020066856699088757,0.08737021285784283,-0.010843374259195489,-0.04912464999769255,-0.0012983344520890866
1981-05-01,-0.03743654586091584,-0.10314822617572866,0.07847482548002145,0.07058193407010918,-0.023753884950592077
1981-06-01,0.050090280480546034,0.2740072244554915,-0.16015054578608248,-0.07581723600914568,-0.017108486455983955
1981-07-01,-0.04422994542623279,-0.10229592771947725,-0.06892282624230973,0.043217759147128165,0.10840376541457679
1981-08-01,0.15358598286341543,0.10610811530790708,-0.18621677500287598,-0.050126568641486166,0.034070189600569206
1981-09-01,0.279641684317672,0.13476988509167076,-0.05649737466349483,-0.006212712026662921,-0.010908144194311614
1981-10-01,-0.06670846197712976,-0.29771513167310754,0.2035206998789309,0.19372547153600891,0.055715094120194895
1981-11-01,0.19507141485576837,0.020829752305778278,-0.06061741202634987,0.007640728522911235,0.00640745294683887
1981-12-01,0.08739422986464875,0.05271472809948767,0.011624541097222094,0.025707140786943045,0.04085138457965738
1982-01-01,0.02580786599110906,0.18969814076539365,-0.04263091336652346,0.0016317490432626418,0.037020683959898534
1982-02-01,0.18588536611281947,0.29162932668325847,-0.02065970817206093,-0.02522587340687098,-0.09840021293778899
1982-03-01,0.06636868577208922,0.16597188740582308,0.0013981035555925524,0.008836171989120256,-0.024860954237382202
1982-04-01,-0.009185277863311928,-0.11439808367960408,0.08550444469602544,0.1066854359644138,0.06488712949349261
1982-05-01,0.09612118340609872,0.08550101221478787,-0.021232119946306464,-0.052895329965369046,0.02137532450227468
1982-06-01,0.1595006257724531,0.1289975049182038,0.07188445979029852,0.03825339121904567,-0.07184556351723709
1982-07-01,0.11339555101402235,0.11087172814021248,0.0948734265132872,-0.01808411109419164,-0.029680103469936155
1982-08-01,-0.01209894331700817,-0.1857029271240039,-0.08490260935304292,0.1980812138557167,0.061137359904049206
1982-09-01,0.18139304966379166,0.14645052244994367,0.1536936860331382,-0.011188585250756035,-0.01476172504509631
1982-10-01,-0.14297827789062706,-0.2177961788532723,0.1268337144455152,0.19509513682557494,0.021595240693599863
1982-11-01,0.01084978295091574,0.11846254319049028,0.2756466690207421,0.0259046413870864,-0.10447788983789869
1982-12-01,0.017052683292648408,0.0518515819820493,0.01713969465047586,-0.029609334395566587,0.05129662285897199
1983-01-01,-0.43186808568295826,0.08430020796095342,0.07121385203234706,-0.08017644789364059,0.12297986041931948
1983-02-01,0.14249517476899318,0.21949817377912428,0.2068764405053338,0.03459049125557386,-0.047126624478012205
1983-03-01,0.040723603922236326,0.15452286668105517,0.05982330717682258,-0.007972608697856584,-0.046580626825460644
1983-04-01,-0.024905040852391768,0.0771376288273517,0.11457933455030656,-0.0004931919949254793,-0.0359560023375354
1983-05-01,-0.38256789891158266,-0.018177754609130674,-0.007589139995853415,-0.033350348456910164,0.03991277109619859
1983-06-01,-0.03410953129497566,-0.008443200564646456,0.10025841279083961,0.05475064994258106,0.06235965976637657
1983-07-01,0.08578185549393605,0.2584928921305417,-0.16233759096092176,-0.13430747611106816,0.02466057615490069
1983-08-01,0.09938390033895766,0.04768155474182189,-0.17652587594124797,0.04323157743770288,0.03281070419298602
1983-09-01,0.2036092368143522,0.03403587487692182,-0.15579202765096312,0.0450692991565739,0.08868014682294532
1983-10-01,0.23667140051465202,0.2038317652915813,-0.1698059573004841,-0.0662140547850952,0.008136586718372722
1983-11-01,0.00026312930607571747,-0.09827204955674135,0.037419129287751304,0.15867972531789243,0.06076220435437441
1983-12-01,0.1243993156685221,0.12084662321409072,-0.07078005062503376,0.003902473029538875,0.0385178428055362
1984-01-01,-0.12806607360041627,0.2749035056918028,-0.06884887635209574,-0.06954660495207605,-0.04439276711305176
1984-02-01,0.08617268323943697,0.040313087306616466,-0.02876488699735162,-0.013119142637566717,-0.006093344700329591
1984-03-01,0.02064631241284429,0.06794911793812866,-0.01822670826626875,0.05777277730036253,-0.00991944310761935
1984-04-01,0.17914789614489096,-0.007292038796653832,-0.0037047513499156234,0.052234259426244226,0.04821837187277099
1984-05-01,0.14787382096666912,0.08399935304436876,-0.06407765215826676,-0.006082981439579332,0.025154737769124583
1984-06-01,0.0831606227922474,-0.11922713918839001,0.06765551428423679,0.07875838264456629,0.060213735457465875
1984-07-01,0.29374525419290776,0.019592543050879388,-0.02392678166957651,0.03468470420252717,0.030388671555515508
1984-08-01,-0.12003371157417177,-0.2541779828196309,-0.01880664431990382,0.23978407362905815,0.0888714995774079
1984-09-01,0.13022037612003354,0.11141968590243698,-0.05830296623415646,-0.01233649636075804,-0.03127452763605376
1984-10-01,0.2775518742626466,-0.055532303166045585,0.02212393517079049,0.06699338132036506,-0.011126157066211381
1984-11-01,0.27211463090393934,0.08245084530735504,-0.0472764212645611,0.036669830818442835,0.013364644349335372
1984-12-01,0.13491945305837538,-0.06663832875585163,0.057428913988602386,0.09368616463303014,0.038509005077956376
1985-01-01,-0.3789940065409586,-0.17047016603833673,-0.048749751997684165,0.1106099137766074,0.1199533521964553
1985-02-01,-0.13936462791517562,0.08422462419935675,0.012086697370338899,-0.0005554400479068928,0.0977012880362297
1985-03-01,0.1562629275892667,0.13033302091632443,-0.0034938568566541903,-0.03009535220045453,0.021429094859756533
1985-04-01,0.20656514736610307,0.06902489243081934,0.014234893104236989,-0.021581125558494323,-0.030441942278059943
1985-05-01,0.1800360151238068,-0.1347165807175991,0.02675594048432526,0.14663031770608076,-0.012568099881920699
1985-06-01,0.19448960530053877,-0.022844449224458524,0.08516053876360885,0.08244755099866928,-0.048127503172871774
1985-07-01,-0.05190843429747093,0.016521740636501272,-0.02098917964744635,0.004719956334111059,0.04339538454819883
1985-08-01,0.08463899748507442,0.04785225893257788,0.011363733278094076,-0.05373022298406161,-0.0027370451184420934
1985-09-01,0.20089488212150303,0.06696091643535362,-0.03301433859250026,-0.01206506568760241,0.030867550168288724
1985-10-01,0.23105135778034835,-0.10324542548621157,0.13158871809741757,0.12906374943807347,-0.011753057845862828
1985-11-01,0.09936601790001007,-0.11798946412847633,0.043935321291951344,0.0899106037069005,0.04210229905988818
1985-12-01,0.13357789871878983,-0.14998963023410627,0.01817623850294175,0.05187563467853201,0.05475306847194819
1986-01-01,-0.0968725545569673,0.07410747558541575,0.1280942768622252,0.03212509913424097,0.03093940337503863
1986-02-01,0.09147529715803265,-0.07540945216523436,0.022834795849544284,0.0911297857218951,0.026410039296870618
1986-03-01,0.06620583504012671,0.06262718308512984,0.013097775440019752,0.06795482166574998,-0.00017921705705777752
1986-04-01,0.0015534686588291133,-0.025079886233806057,0.053973700306036466,-0.005596539378229551,0.04094292691403115
1986-05-01,0.059303845517599874,-0.062439148082156386,0.04739071713099868,0.06903685801118106,0.004966443252830535
1986-06-01,0.1674820595459763,-3.569011267758049e-05,0.06834404157845059,0.013948691096835062,-0.0037000190996105235
1986-07-01,0.2071118063738315,0.12327214677010549,-0.02692259394271095,-0.0393070851529002,0.04716459500791044
1986-08-01,0.043836135660687725,-0.01271013592120841,-0.11272894254942205,0.13798058824792023,0.03613207115226989
1986-09-01,-0.06270524477569794,0.18217678666950077,-0.12261261172391827,-0.02471906106276989,-0.03699464846380024
1986-10-01,0.15509316502043283,-0.10637217277490219,0.09763733088899028,0.1456171431942772,0.06514852455055536
1986-11-01,0.11388551484454469,-0.01533318566096967,-0.01601393284933198,0.06109908221270742,0.06294477266158302
1986-12-01,0.10125082966323366,0.023974473120368885,-0.044037794005679164,-0.010340189903532707,0.019371723691214662
1987-01-01,-0.10977707780962787,0.003950502465258576,0.07888327676640472,0.05939807091464786,0.05143703033560358
1987-02-01,-0.15335707187189887,-0.08373908572853196,0.10314546253063381,0.01068126845609895,0.0698632597252219
1987-03-01,-0.06585499621989768,0.17809367767104015,0.06036185427075125,-0.09630340388442454,-0.03755956841989519
1987-04-01,0.011355214906355786,0.15002631263555918,0.13668759589905738,-0.02934421659380481,-0.02602353550705358
1987-05-01,-0.03492979401231612,0.13420595342150168,0.016801112501193063,-0.04933988356188806,-0.0012417092319513324
1987-06-01,0.14981474501166603,0.016909362515891094,-0.013071708911677941,0.04075405405585867,0.034505816582178175
1987-07-01,0.039325333046400165,0.19803028530193137,0.12949983058799205,-0.005796943247931527,-0.059265775826124495
1987-08-01,0.09838470814126271,-0.12787864569373847,-0.09403725150661252,0.10363745954122403,0.07597292415587147
1987-09-01,0.03129694795713452,0.03552592960476097,0.036546905132099745,-0.0006322349303409263,0.0227439776105889
1987-10-01,0.3628398353396979,0.23036625341193215,-0.23846206049183666,-0.12275188236888356,0.11595358018397117
1987-11-01,0.1847762853732764,0.08653574843942391,0.054839989126335816,-0.03521806121554347,0.01303851958410724
1987-12-01,0.22682956904759327,-0.338925226069414,0.15560335199579603,0.3348852959500374,0.057264294007666375
1988-01-01,-0.27336011628929247,0.2577569697978089,-0.188836128059153,-0.03291934140103134,0.10629623288771559
1988-02-01,-0.07590175659604806,-0.12835874906178488,-0.021734462048216146,0.1624735743334716,0.05105841015343623
1988-03-01,-0.12349282762208572,0.0889635702397178,0.07962200561247942,0.00805480831438425,-0.017784229366391527
1988-04-01,0.021062653565900095,0.057465853231996024,0.06145931019948182,0.015526632989498166,0.020492039113893655
1988-05-01,0.13725826661839038,0.08530664801050417,-0.004913507431107734,0.04092486346387003,0.008107076345897964
1988-06-01,-0.017640583468217223,-0.1526653125416393,-0.0387574400874405,0.11906220970306645,0.001401368535480538
1988-07-01,0.0028295667179386187,0.0880163221783181,0.016649169462545955,-0.012731954434941658,0.0069465858326987874
1988-08-01,0.07852628479412678,0.05447305730866464,0.0024176494842181144,0.0030003903396777064,0.004220253597974223
1988-09-01,0.10417645240178322,-0.052854496006235055,-0.050933021382920315,0.06958944784600238,0.05474323283495877
1988-10-01,0.17281749082038433,-0.020933131115306324,-0.030961801562971798,0.09274309693499476,0.009539903960967185
1988-11-01,0.12374968164240233,-0.02354070719719751,0.034140406051987746,0.07698613338274254,-0.007602062319427862
1988-12-01,0.007830399951041853,-0.07040166135093712,0.05676918031097604,0.12025554543557174,0.015428424567832534
1989-01-01,-0.1319346632773343,0.16494605776246693,0.05951954687602679,-0.0013796134127998798,0.06733056339835398
1989-02-01,0.004246006221805009,0.0008227925778828848,0.04702371006507122,0.019805623556917503,-0.003285058597889459
1989-03-01,0.09307327681079555,0.021123867101792624,0.08280176588059386,0.016568366139303133,-0.021240056114072012
1989-04-01,0.10104694560179187,-0.018620714155525322,0.06700970623414704,0.07408324660055787,-0.009015134263602571
1989-05-01,0.025393414526443756,-0.07414618860500945,0.03055029782524123,0.07469749507785044,-0.012753371906052241
1989-06-01,0.07425946449875515,0.08242896941083219,-0.01226639460976257,-0.006782697673295165,0.035176074679018704
1989-07-01,0.24976748306385804,-0.14999841708282052,0.07181142274052583,0.13621217028130267,0.06943550880798548
1989-08-01,0.05290387294555558,-0.09532202981164022,0.01663982081436429,0.10948840844985779,-0.030124674915472105
1989-09-01,0.03291525056652178,-0.009419625318601512,0.09274035397517946,-0.0497828772295559,0.09192862832191748
1989-10-01,0.1740120815753643,-0.06915061198317178,0.05261193169139446,-0.0975843565619299,0.12220192481958006
1989-11-01,0.16984958248961157,-0.1680023786104616,0.020344781171446728,0.0363582429482828,0.08663230131252424
1989-12-01,0.17338328994538715,-0.12081286836779034,0.04140574760850749,0.03757328516439778,0.04038799986682458
1990-01-01,-0.0911975900069855,0.31314066806376384,-0.024332667994973335,-0.24979636807205885,0.120996278870344
1990-02-01,-0.030667678377163984,0.022306580393771903,0.030868175075135895,0.08245980399805933,0.028209102510403136
1990-03-01,0.017822263202091935,-0.0793883328636752,0.09330072037497111,0.0887571522721101,0.02352070653811506
1990-04-01,0.05232072904795585,-0.003146975991050604,0.1173270903506653,-0.03689477502667264,0.07033430885930478
1990-05-01,0.11362004044231973,-0.3010018342139792,0.1767843740106227,0.1286511923411461,0.08125411940702151
1990-06-01,-0.0055590610525955,-0.01975318888464309,0.09505791496988127,-0.05130936368996593,0.05692949107238762
1990-07-01,0.11167221085801288,0.07561127278110567,0.03191833217653187,-0.03912864844379684,0.09425827605472037
1990-08-01,0.16150473325735326,0.13757112174705194,-0.03132192183125351,-0.06542615389956019,0.1250003115325064
1990-09-01,0.23561661496886294,0.10471414832501207,0.020871612677888153,-0.13551715567992378,0.1394793234296198
1990-10-01,0.23349063516364438,-0.05647550473794453,0.12629913038941928,0.0800823444059709,0.13825975847150374
1990-11-01,0.04296661204827805,-0.3273226911958427,-0.0822261990329547,0.2501684153015893,0.08914587573177596
1990-12-01,0.36393140966884074,-0.28033081956976386,0.08976132973205525,0.15628882148989537,0.08056129985873216
1991-01-01,-0.4035417257286177,0.18273234267711463,-0.11126954102161629,0.14693092807095418,0.09949171412575684
1991-02-01,-0.6173580819190301,0.13398660813766092,-0.18832798148499885,-0.008837625997155235,0.06287136718898971
1991-03-01,-0.3139030654720547,0.17769568210446968,0.06511760678628216,-0.05316504708107357,0.0017140409441059497
1991-04-01,-0.06754628768176722,0.1140402300315497,0.04919958217412533,-0.12251077997345836,0.11210614064759097
1991-05-01,0.11171066653067133,0.007947035027349655,0.13318995752363835,0.07169487825054574,-0.02157812338628173
1991-06-01,0.10749446659361703,0.09781544487142749,-0.012329348912442695,-0.11943556401147608,0.08860664561947926
1991-07-01,0.05457455736433982,-0.10597209730476609,0.1423277379097364,0.13967185089446232,0.06287535085004263
1991-08-01,-0.06377327541932054,-0.014926528993210019,0.09470297112132427,0.04476144637003049,-0.029115793064504666
1991-09-01,0.013593371523962505,-0.04692734354717173,0.13077144778612,-0.07717724377324492,0.0316426287773342
1991-10-01,0.0020232269305975985,-0.041215162822161644,0.13952020210630617,-0.040044089101627496,0.050234630348993586
1991-11-01,0.0874551564483057,0.09750178921681588,0.08385952322816762,-0.17376291874771543,0.09092319831309122
1991-12-01,0.3262706509179551,-0.41841006080220355,0.1803979660744101,0.3489023141126971,0.09041268167463805
1992-01-01,-1.065708814090146,1.0355659782207267,0.1393737065912295,-0.2380905884147425,0.039388641734740715
1992-02-01,-0.21099768361897794,0.3513388628026849,0.020267455131437854,-0.027238439064277472,-0.12274300064633112
1992-03-01,0.06331177113007297,0.21823515582158762,-0.08565902049842075,-0.07035560057990926,0.03198598329467078
1992-04-01,0.2509702985361371,0.12136179122064109,-0.21282436124583287,0.04542209660583779,0.03426307942945449
1992-05-01,0.019078673384552432,0.06409164208040051,-0.04538146602447522,-0.0052724197902515035,0.042386268414855446
1992-06-01,0.18017643730051214,0.17285565571876127,-0.0726302130564413,-0.030328274406086667,0.024836546132450905
1992-07-01,0.11363242933508577,-0.038097116168790385,0.014566598204236962,0.10963165031309435,0.031677460265527556
1992-08-01,0.1583860438683683,0.03907623936183567,-0.11049054088702918,-0.007521927314130501,0.0853663352460595
1992-09-01,0.07978240022582965,-0.057696176432411074,0.05935914678845827,0.05140171859152362,0.022543700035141008
1992-10-01,0.005616381806509259,-0.134905185179124,0.05737471504246347,0.13154706538757927,0.0444676910829188
1992-11-01,-0.14198553071984948,-0.07798070127264267,0.0774411674131001,0.07899826968057984,0.009528830181553594
1992-12-01,-0.023275754002022562,0.13959415166610922,0.10563709097947814,0.026252584368161976,-0.038346658208656875
1993-01-01,-0.2822431495608929,0.4228425475141619,0.1375006534221423,-0.030492751119689736,-0.07036765384178416
1993-02-01,0.11806823581691916,0.3494301221854368,-0.09726451672563269,-0.06744972602365373,-0.027766121386848613
1993-03-01,0.06227214201603398,0.0717360966464309,0.021144089800533575,0.047691731690296835,-0.05328451360310221
1993-04-01,-0.008767880065029461,0.16865550726727938,0.0501866156196101,-0.077338959149327,0.004583235040686376
1993-05-01,-0.19739985996408355,-0.03663338192536605,0.062001798638551556,0.010927965506036714,0.008470293546421663
1993-06-01,0.023168252008521288,0.12223560785667223,0.10041933665843537,-0.01916945698872014,-0.030297873200776787
1993-07-01,0.035700807058786976,0.1754062265367053,0.04495829705166837,0.020604030331392954,-0.05616005479466769
1993-08-01,-0.013366962651907137,-0.07589221134778838,0.0675413502866857,0.08946319656783078,0.028070829707544518
1993-09-01,-0.03895741506453246,0.016165327073636764,0.08614103277564923,0.017493591789076342,-0.014767910338200262
1993-10-01,-0.17884755988457124,0.05348777375204293,0.03213000325117886,-0.031345671390439894,0.0013651878913197163
1993-11-01,-0.012307788884675803,0.09259270681223146,-0.14091862210366482,0.02704067301988019,0.004963870032973352
1993-12-01,0.14914975649997572,-0.013368142165978317,0.03443749281276085,0.09751596328463401,0.0021714835770656384
1994-01-01,-0.14998327295886116,0.22459686532765358,0.03207811167409107,0.028362243159548932,-0.010088563637893271
1994-02-01,-0.017788308433585778,0.13054757194044272,-0.043829136511218836,0.034706388013663124,0.00978288123476731
1994-03-01,0.06053083177376553,0.1975947802920789,-0.05348856714938546,-0.01897230039744013,0.03687615246991412
1994-04-01,0.2379044522308798,0.08852652571032217,-0.0014049910089134927,0.09316605150255838,-0.041123242498476306
1994-05-01,0.03036369071345812,0.06741810754207357,-0.06667043868373285,0.005983882021580121,0.05631766576738543
1994-06-01,0.13165440021014818,0.1359201284445487,-0.06678312482618233,-0.019806848962295457,0.0031433072822513895
1994-07-01,0.048315098832490674,-0.03457014429175681,-0.001839045577577773,0.08511879583420214,0.02439887479898814
1994-08-01,-0.04435646230921959,-0.08760581421834458,0.06914325281051965,0.12264149418230878,0.04245605512820513
1994-09-01,-0.05651598097736897,0.050062693995780685,0.084538131693192,-0.06031352366602593,0.006115108643690812
1994-10-01,0.08872176594561229,0.006053279690411804,0.059908262180237606,0.04080120687981232,-0.013011308882473926
1994-11-01,0.0908477094623153,0.03190752768567661,0.029339900811603627,0.004216548242779906,0.014348437902893712
1994-12-01,0.20796659604900963,0.05058816001031266,0.029158134957611808,0.08273675584848557,-0.0012734866528421093
1995-01-01,-0.15881736557218812,0.21123640189441462,-0.06936065198082439,-0.06134068392216467,0.16818561767863577
1995-02-01,0.07848940121913525,0.019090014180236946,-0.00038530067819394706,0.007352885396511967,0.061850442773729454
1995-03-01,0.01360895320376728,-0.04542382028001299,0.07441201422412437,0.03522787787341518,0.04351323859970674
1995-04-01,-0.04439857432867807,0.05424166858880955,0.06380859780508827,0.03711848886703521,0.007707455688560881
1995-05-01,0.02363219202750283,0.0028704614311200645,0.019416923789053585,-0.008677965985556913,0.026218456128222295
1995-06-01,-0.18097186824076367,-0.13164811339395788,0.21073903120672777,-0.05659289617508754,0.025469834814133265
1995-07-01,-0.12147115704605742,-0.10089456867673402,0.17950134726322223,0.05006879760864848,0.004395544511751979
1995-08-01,-0.10339329767146949,0.09471512895719392,0.11781778920119776,-0.07046849899738347,-0.002625690654957536
1995-09-01,0.028299368974207678,0.0689743653042693,0.113286308477465,-0.06106041371776834,0.04024581702608013
1995-10-01,0.304750761953981,0.03202750015950276,0.024344060105187228,-0.01772193603754793,0.06985268175128176
1995-11-01,0.15568502889461833,-0.19270163322282138,0.040061464822251244,0.1336332110888038,-0.005347111104795806
1995-12-01,0.11693236130093934,0.08543364041125587,0.06271818597634984,-0.0691758727780527,0.011746517056755924
1996-01-01,-0.14736729554291988,0.20844080255506492,-0.023417007326971905,-0.08435135234826846,0.10361891543973958
1996-02-01,-0.09803769520609673,-0.00843313181309471,0.06972718368497542,-0.05150741768131786,0.06767485971281044
1996-03-01,-0.05302855087937978,0.09216610311527465,-0.05241419958465275,0.02958138381636445,0.00287225238805052
1996-04-01,-0.2989549445520742,-0.13810023030217683,0.1670212660060173,0.08853934037036824,0.006684553639171072
1996-05-01,-0.2810225603857638,0.13497356662208476,0.1941445804106005,-0.09374278876245408,0.015105417793622716
1996-06-01,0.26614630629702984,0.20865889242712107,-0.18172242965641508,-0.021407957966859903,0.00582131012744304
1996-07-01,0.36940098550914247,0.2358983347525786,-0.2542792355410361,0.011703835548150429,0.018919737288384694
1996-08-01,-0.061963224594813605,-0.12607956823249386,0.11782627834920728,0.10184432205375073,0.01656742386008093
1996-09-01,0.02790463009061525,-0.14585143794116817,0.09797105051647478,0.07090235025549227,0.029671217901542972
1996-10-01,0.40116489045036263,0.12138327726992956,-0.07840612542603473,0.06431349414521682,-0.031015675869893924
1996-11-01,0.11377804590723892,-0.04021672428308024,-0.1611034325378258,0.1109300778247844,0.031228884658467536
1996-12-01,0.1966801616512124,-0.021233915033496333,0.005769758154047535,0.08248506635209568,-0.0576540634592053
1997-01-01,-0.29890939443028436,0.09355105969329292,0.016637640007521264,-0.09444278565793565,0.2208906525907895
1997-02-01,0.17439495669126198,0.25046683127011604,-0.1769937218765422,0.0021376464552613217,-0.03692923003540917
1997-03-01,0.28467546514863795,0.1826079851077645,-0.07596168988384011,0.03805641218384703,-0.06665038074922792
1997-04-01,0.31549538127627097,-0.03116784794058853,-0.033107063944221415,0.11953383188548257,0.010882600286704947
1997-05-01,-0.21267948884333493,-0.3316234010176652,0.07823923196456689,0.1456039708799317,0.0666762023128069
1997-06-01,0.13908502968185757,0.054181496614246254,0.01689061923167263,0.030871525462645294,-0.05662625540123097
1997-07-01,0.08354303086064307,-0.07701583943421167,0.11377191533618175,0.15967777879851594,0.014743969260378197
1997-08-01,-0.19120198225786017,0.04994342779427044,0.08569180517564072,-0.03221115117827155,-0.022302411433156994
1997-09-01,-0.07800612759535298,0.018623111348274515,0.09921598853199248,-0.021989545960733797,0.011875044339698174
1997-10-01,0.102733174497714,0.2398387116590746,-0.052056110072760474,-0.10170504713698555,0.01708194641052557
1997-11-01,0.38239901053893155,0.0308272607213324,-0.004576400524058534,0.10353982470038829,-0.0434811329881699
1997-12-01,0.5445516716475737,-0.07713735564180513,-0.042717420644039404,0.12073059744561651,-0.10502508658933016
1998-01-01,-0.22097034652928305,0.14318127833040303,-0.04910231357075612,-0.007161240759608636,0.2231839086932207
1998-02-01,-0.05276918747455514,-0.06840617697425067,0.06913860661198926,0.13306598677993625,0.04314844674578319
1998-03-01,0.008320421761133779,0.0407906786320989,0.041243439202029296,0.05015329089116552,-0.018842856456105107
1998-04-01,-0.1230968184844756,0.08663149275430623,0.002372670748761711,-0.017533873655591153,0.00530749927634519
1998-05-01,0.2302413274983648,0.18718024567125707,-0.04515710342249572,-0.042688415593200496,-0.029884066163562543
1998-06-01,0.287968928766275,-0.06826729271540413,0.17472927880308503,0.09449197353754067,-0.08036177366494993
1998-07-01,0.17027684539383092,0.18054052281034563,0.058333715066132955,-0.09690392867513797,0.050851732554787574
1998-08-01,0.5819480060967032,0.27742063785353926,-0.20742387369957924,-0.1532257155674229,0.055225709265821134
1998-09-01,-0.10844737581035346,-0.3066125908960752,0.15750617142764078,0.11881436432464344,0.15908929363011629
1998-10-01,-0.08880281227225645,-0.2898605155442159,-0.08184545412674889,0.2834856716853138,0.1462175760501511
1998-11-01,-0.3384181252419657,0.05489163764313988,0.3671715474226781,-0.12012887206192083,0.05597812042991891
1998-12-01,0.12014330585421008,-0.21985833077660966,0.35997939668106305,0.12448984566834852,0.00991405856566889
1999-01-01,-0.760808842848973,0.2747513262263548,0.37295833184254445,-0.1329544415372918,0.09913338074646787
1999-02-01,0.14766504994010532,0.2127646264323,0.024420553768622053,-0.06515917796244457,0.040716418738255794
1999-03-01,-0.15483478722349966,-0.22119975223122496,0.06761857396435078,0.1235764377828888,0.005984718776276694
1999-04-01,-0.29380691054029373,0.06852753049003492,-0.08139627454390197,0.19479486510306276,-0.10746691980771159
1999-05-01,-0.06434922350345385,0.20004420239129642,-0.09580209899122616,-0.03401025233197853,0.09944045431994943
1999-06-01,-0.016977227323449418,-0.08904892664025635,0.17313495007269503,0.0940288181320802,-0.022493690193973803
1999-07-01,-0.02705087400994613,0.24202941688532248,0.0387158858581169,-0.14931906745833848,0.05554900135910587
1999-08-01,0.07428286986173491,-0.03727404289778796,0.16056354214630475,-0.029947604191926262,-0.02404449858476585
1999-09-01,-0.08674512490155198,-0.1011999893761283,0.25145707356224645,-0.08406249337808977,-0.019767052751207156
1999-10-01,0.13268446967536296,-0.15197162029986772,0.25500796894876404,0.0592859536340619,0.045033073969810634
1999-11-01,-0.7130379248178276,0.02513055238865739,0.6513369010514507,-0.18126245627740029,0.017735986216510756
1999-12-01,-0.5700876710527811,-0.24367666570754004,0.8138889168222578,-0.14785939642268822,-0.16916145767037946
2000-01-01,-0.5690411990960247,0.5183982655064385,0.3819400710599767,-0.5083465612107019,0.12212092125502286
2000-02-01,-1.0004747221734869,-0.06338904771197143,1.5281205561271975,-0.6192410487307586,-0.3931392197147738
2000-03-01,0.40400990336936626,0.0635782868329246,-0.4236584887666732,0.33965516682716135,0.3260522611921025
2000-04-01,0.5581224026580462,0.09358630400739784,-0.7664556653244243,0.20550556014916904,0.2129152586722646
2000-05-01,0.38237409172614956,0.06410367695197963,-0.5521289271718754,0.05622999461815703,0.12499174217671813
2000-06-01,-0.2914087109878367,-0.21486438447600753,0.9375156735184192,-0.13717122336768833,-0.14656506706073294
2000-07-01,0.3066378371017184,0.27607134832970637,-0.3166438924421765,0.08479383063887694,0.049217005715641596
2000-08-01,-0.11803712840517133,-0.28232802381041766,0.3885566133020051,0.10359145485221383,-0.018534022536310802
2000-09-01,0.38324949352213333,0.22535173652369278,-0.029019401685524675,-0.04085093800965684,-0.12420539291224304
2000-10-01,0.5457547360482568,0.11982117933682651,-0.09102589006291455,0.09093693976783412,-0.08485093164621361
2000-11-01,0.9670247012068716,0.47221911463290844,-0.41484108134268805,-0.04574707563929705,-0.18420211098261954
2000-12-01,0.6647886275262336,-0.15356341236771098,0.1078525264935376,0.30708423787610073,-0.30106305273319534
2001-01-01,-2.075141085583775,0.23966792762790917,-0.6277895070313044,-0.10319371360594909,1.039388122541233
2001-02-01,0.8477258077263701,0.725497707835165,-0.19840355651089175,0.049274624219930514,-0.19662402523994582
2001-03-01,0.6479246053437404,0.3873825405477272,-0.06142459689879204,-0.02010472807365239,-0.2679842662551183
2001-04-01,-0.38458464681841614,-0.5205615262432545,0.08642221889269303,0.2138713911284195,0.26186626430985827
2001-05-01,-0.0635352998733793,0.28864313418350895,0.040146948067519166,-0.06639796558783817,-0.025675594112376833
2001-06-01,0.10022840588397122,0.041204923593730534,0.024251799601047272,0.0058071037747618355,-0.09587203975537806
2001-07-01,0.5045652138338421,0.3021686749689814,-0.09947944549903684,0.0466811972152621,-0.10831806804043677
2001-08-01,0.45210033639128994,0.31197273426931293,-0.0514627259281982,-0.057059022683387,-0.15010423413651852
2001-09-01,0.6263157645080699,0.2874202817750252,-0.023618625221040468,-0.18760421489747578,0.029615782103908528
2001-10-01,-0.6219497651910888,-0.32002209135171,0.00938948086282934,0.05569431787274334,0.3555913960329515
2001-11-01,-0.4273387796768435,-0.25288236442775697,-0.043172486724092296,0.13331498277817705,0.1175135708397864
2001-12-01,-0.19332275427840173,-0.02095087701502918,0.06327328216358782,0.08699271908640896,0.006966302747855471
2002-01-01,0.08856731224630969,0.5210708292709232,0.04563754822212242,-0.07933108546642337,-0.0739106251207479
2002-02-01,0.6020365264329306,0.29657574944613097,-0.03454129163128644,-0.005785621340163078,-0.14730433082558836
2002-03-01,-0.2699294558181422,-0.0257041238626766,-0.07329433271937208,0.16206375103920218,-0.04530133601092971
2002-04-01,0.45678290115131504,0.41623890320946416,-0.04977686353378588,0.021051091944443774,-0.2148700133299546
2002-05-01,0.2948725858464068,0.2920379419725595,0.04015163517667858,-0.05820007782105961,-0.14330468659120993
2002-06-01,0.5796586561922898,0.2743075482923012,0.051791964227439265,-0.036974697737628855,-0.17563785805963145
2002-07-01,0.37311679341475634,0.15511955040692715,0.05423834692645403,-0.09515252858531378,0.1221442067791562
2002-08-01,-0.0018974085151893891,0.0018413793588487022,0.03614386164264151,0.03670133138352249,0.03449170172001283
2002-09-01,0.5166791722919676,-0.02837472847331328,0.06049783848477856,-0.08559463144789364,0.006784847529841188
2002-10-01,-0.43948438862813344,-0.17614167279831783,0.01878592654425758,0.15931034909422276,0.2701636644075136
2002-11-01,-1.2895569640329962,0.1602267651647423,-0.13318574361035806,0.09786839797533524,0.18576205024742906
2002-12-01,0.6160810900860914,0.08194906160831711,0.024527626558906654,0.0132989662575662,-0.016584001388005164
2003-01-01,-0.1572555965074073,0.18449679263736324,0.11013732532541302,-0.1337230188006421,-0.015008535781596902
2003-02-01,0.16167686679566662,0.0351866068366223,0.0425338670552882,-0.08715974987634163,-0.014346178152940293
2003-03-01,-0.013212488572537134,-0.030523080678182962,0.039213375098132,-0.02169395367827944,0.024119138242517744
2003-04-01,-0.47237844106142896,0.02216165438754929,0.07101320075367147,0.07524001887065092,-0.037588989394996886
2003-05-01,-0.9435455182380095,0.2510961995621384,0.19790002843263876,-0.20617445806204523,0.034473354683900045
2003-06-01,-0.2622584204559393,0.22453925947370063,0.05595735765028287,-0.06743470703906991,-0.05318951500260713
2003-07-01,-0.27510487240404213,0.09312958163792692,0.17500389459290305,-0.012539175772845405,-0.10910442353245123
2003-08-01,-0.21121998541545162,0.0032736888724036583,0.10256179036758377,0.029456496686812172,-0.02255463780487767
2003-09-01,-0.19056895758629616,0.277485003991915,0.13368955208772268,-0.19365434501056578,0.005415704184623983
2003-10-01,-0.1650933412119479,0.06300431236382792,0.21723337044679736,0.047156025325312524,-0.1453581332003387
2003-11-01,-0.04024804000258609,0.09426408019394701,0.05063396730760619,-0.02403015960615911,-0.06420549497040864
2003-12-01,0.009153576008862713,0.08674714237414913,-0.20309821201220646,0.013348634387953643,0.038812470084362435
2004-01-01,-0.45544626709734626,0.3387767715657399,0.2659315802321949,-0.1516077650565834,-0.032913866462942254
2004-02-01,0.11521240646260769,0.012981774470921631,-0.0966953928351858,0.07937704973236724,-0.002477890404222643
2004-03-01,0.06703978007421547,0.02451391860396014,-0.09253052003959891,0.005269347699907492,-0.005987283616880546
2004-04-01,0.11547877943257359,0.03841674056838518,-0.2150634634940845,-0.0014010280798957744,0.0461387429688372
2004-05-01,0.02798352091269165,-0.10629338428145141,0.04829033921266307,0.11218873369689727,-0.026935456405683143
2004-06-01,0.08181742699144634,-0.0008922800612597742,-0.00016246403693616698,0.10179835536499811,-0.05885244897327778
2004-07-01,0.4174320889562772,0.16539421650658798,-0.21108202082922145,0.01428132564105246,-0.030478138433654177
2004-08-01,0.18292872339784055,0.04125966588177849,-0.05859426255280081,-0.020375093790776205,0.01626211095581961
2004-09-01,-0.050092881907276524,-0.10692762238909727,0.14430760429325845,0.07443120659613638,-0.004199225057855643
2004-10-01,-0.02221390180699307,-0.037115871157834726,-0.04112638374392135,0.01998348310397938,0.0001741674945664011
2004-11-01,-0.26594910835738894,0.060077516977649056,0.09941540881924765,0.07189966481941282,-0.018702485467437774
2004-12-01,-0.25988057070931836,0.06860952560883248,0.007527439378994499,-0.03312729129710327,0.06884854523688137
2005-01-01,0.3165353011621763,0.08735522669177048,0.018940099033936286,0.007308920538779868,-0.0173348343735839
2005-02-01,0.18393000697059658,-0.03685670566202848,0.08096203740456322,0.06610465870825696,-0.05695588105773421
2005-03-01,0.1432647678515138,0.056379512010579384,-0.09832730728336077,0.0895201312711939,-0.06189275505379365
2005-04-01,0.2441975685737925,0.0008667509060861205,-0.0690167662221966,-0.015667122047027845,0.04671676450556131
2005-05-01,-0.12338171664172962,-0.11594669167275319,0.1114617768245731,0.14286899203132788,-0.036808291753031415
2005-06-01,-0.038880583331883246,0.007310267463218851,0.02451450070281199,0.043730916382301754,-0.05814426863768244
2005-07-01,-0.1664894514908946,-0.035248957416732375,0.04355658284840225,0.059437087323970295,0.011695910406023491
2005-08-01,0.05668202146902337,0.04794044360727652,0.08587084643675488,0.002314367985740008,-0.0372807265719979
2005-09-01,0.0015625869136034662,-0.03248300400869395,0.10627879406021683,-0.0014053844597718378,0.003823551471520442
2005-10-01,0.14498062466720485,-0.030150506560628013,-0.05289238999724184,-0.008789109937216008,0.011684042343770386
2005-11-01,-0.049053039674095425,-0.11479879385659678,-0.0060530347672259135,0.10388647747469662,-0.011747024469559874
2005-12-01,-0.01626102625515928,-0.0033429577562725556,0.006411893456701807,0.0005684470497186109,-0.005039470377370379
2006-01-01,-0.26536527027010126,-0.07252806984412044,0.2782293029974421,0.015883210843880457,-0.009666777423107543
2006-02-01,-0.010389554536936796,0.09147584895632033,-0.058354120275993945,-0.06858155543025822,0.02415493274228867
2006-03-01,-0.13601787250017142,-0.0222066456827483,0.10015287888100169,0.05690144098045029,-0.056931216192214806
2006-04-01,0.05461934412593297,0.0002564248767658976,-0.013839612508969463,0.07658325618003974,-0.038086091717292284
2006-05-01,0.199734688779858,0.0862268167449917,-0.18565766244100937,0.0009266854924752724,-0.0064464770903112575
2006-06-01,0.1101504647084381,-0.02629762316668121,-0.028798564278587478,0.06236315592165868,-0.02738438486190534
2006-07-01,0.2587246988005917,0.07414339719255911,-0.10693102356410403,-0.02119395765915204,0.023907449826380663
2006-08-01,-0.10274177375423005,-0.03397276172489032,-0.047507515811615435,-0.02136853848533011,0.08036970345912013
2006-09-01,0.036560015733812255,-0.004550472893516571,-0.10412229178585972,0.053904307530601756,-0.027663928430766604
2006-10-01,-0.13614416367021132,-0.07023240934899756,0.007969352546955414,0.06727164979547338,0.030509489996390242
2006-11-01,-0.05389467006415333,-0.08746219935908328,0.01898723303171152,0.055365959190390904,0.02415658382372137
2006-12-01,0.028722303967339997,0.12105688190608586,-0.00899873665006743,0.023802340769716622,-0.020578553467047532
2007-01-01,-0.028372235122835383,0.04564408738121635,0.06912269063260847,-0.0010956889082714095,-0.021723208782962813
2007-02-01,-0.020579403137953232,0.04697105048543258,0.026857860283908963,-0.014394730242453302,0.01188218043138638
2007-03-01,0.08616561577569658,-0.06467901293285654,0.07527465385862468,0.012059324033273599,-0.023075610990349327
2007-04-01,0.004225789807735142,-0.07016922488813848,0.053190967211563134,0.029098118564714393,0.01940812727177814
2007-05-01,0.03468380054973312,-0.12066476632182202,-0.00703929147124507,0.16522215234361956,-0.031885806926549666
2007-06-01,-0.022028951233991796,-0.028867948020205106,0.035419461864009974,0.019766813215697832,-0.0013689888680752799
2007-07-01,0.1002902467052291,-0.08060762489364566,0.09897462387810549,-0.09363486946373788,0.07260137255297337
2007-08-01,0.1738989486420086,-0.19866375180748322,0.013053260501960325,0.021700861309888853,0.05378237649484201
2007-09-01,0.046247394055898165,-0.200911683871075,0.16524413120145903,0.014755704741162569,0.06689623896718218
2007-10-01,0.07456437763703717,-0.19208320542786123,0.2213137160715407,0.038092934084903884,0.03855686504465438
2007-11-01,0.3530646181733691,-0.08922241389542011,-0.010461088883367876,-0.002167115826856229,0.007896420064192736
2007-12-01,0.09156043862164982,-0.10063380780411203,0.14535328071879217,0.05404656967460955,0.02254431913555643
2008-01-01,-0.034702452993279446,0.22901187404741014,-0.40265862076871706,-0.04861569959207218,0.0759080575983927
2008-02-01,0.10268032961152475,0.00884930011882573,0.19643463740497674,-0.011447197301081664,0.09041841826166414
2008-03-01,0.2062301174225065,-0.016322750221843263,-0.05952699466358244,0.02345800312406373,-0.010903642565782669
2008-04-01,0.03984942560279298,-0.1715288633502632,0.15668970376128177,0.16101944259056755,0.021663357533776746
2008-05-01,0.0409391775603842,-0.09961390587168044,0.21235715608665728,-0.0036284103916302095,0.025250588147865304
2008-06-01,0.27000339341171514,-0.054109835538992075,0.4183380938455413,-0.15784626517629674,0.03864819349437669
2008-07-01,-0.0632775727214751,0.08435358617938994,-0.25988499400723697,0.08137905521647376,0.05580580066094869
2008-08-01,-0.0696957001441649,0.0034418918433716424,-0.3145716739141869,0.1257409116194726,-0.043101119959276075
2008-09-01,0.36318193339238836,0.16375578285351441,-0.21430233175919627,0.04728923458389857,-0.02443431603317789
2008-10-01,0.512401153674686,0.1424450642516244,0.031592835047411116,-0.30876097969470595,0.11496988350364684
2008-11-01,0.4701436270973044,-0.05537715992184423,0.1480824695865619,-0.11478401344449096,0.1645141546681133
2008-12-01,-0.010644443848049768,-0.2089175613346515,0.01608044709056777,0.23017746950313042,0.039611724610456006
2009-01-01,-0.2398805507602379,0.2608955086703683,0.0688465764371137,-0.5601285401643274,0.6060095935986839
2009-02-01,0.3276867588665394,-0.0421198347454848,0.12287678816722836,-0.24273079464605446,0.14970152282311192
2009-03-01,-0.737376205302966,0.09243736075757067,-0.17817038093378743,0.20772093658303667,0.05336301406613998
2009-04-01,-1.234448310921544,0.18409821905363183,-0.7949581222513945,0.6727728628365643,-0.09703247860536571
2009-05-01,-0.5881111005411849,0.04173811543668223,-0.18013121277491326,-0.028292502912430163,0.0910715265319085
2009-06-01,-0.042189502054827695,0.15862019749312797,0.13163770034273237,-0.16076969097294774,0.07011188013992889
2009-07-01,-0.17904121649738575,0.1630881346437996,0.007689654113594235,0.20155474623800768,-0.15701391191403033
2009-08-01,-0.6017112882748077,0.5500337113158822,-0.04895884733616288,0.11408111034867943,-0.1765476395196648
2009-09-01,-0.2532053057138472,0.053253459908595396,0.06068043781533774,-0.044602365852895585,-0.04339718286403075
2009-10-01,0.31620403634263283,-0.019967779007907565,-0.10883674971619628,-0.025391912216480697,0.17187490892612778
2009-11-01,0.09007461169315947,-0.08925819693292845,0.1269488863411063,0.08774376868338674,-0.002570065298693424
2009-12-01,-0.0999493673602867,0.04387325265246203,0.12540149362043831,0.06192617886528266,-0.0297712284278661
2010-01-01,-0.1214771317611427,0.31581905549023837,-0.11751391555404031,-0.10347392139342529,0.015248517485704959
2010-02-01,-0.006727229024349638,-0.007912297844511248,0.1392273075149657,0.12671433835675172,-0.08635849131180835
2010-03-01,-0.1646533383640555,0.11604414074657593,0.053706423611781295,0.1176873381791061,-0.09992733238985754
2010-04-01,-0.3035402789704663,0.2909974531783682,-0.02004693479161055,0.010217660726140866,-0.1516493364935672
2010-05-01,0.2017905155402038,-0.008479058246049078,-0.017824027963743043,-0.07425647099230746,0.03755870212340105
2010-06-01,0.31206969107140736,-0.15836739228727936,-0.04106913625396337,-0.1631471124931239,0.14557560671547704
2010-07-01,-0.08995027902021702,-0.04606961896740738,0.05681381944956035,0.17124586485266816,-0.006285235255474291
2010-08-01,0.2092948580505411,-0.04141184690677218,-0.05007883649881335,-0.1027656044007042,0.14912004444499857
2010-09-01,-0.20150721991196913,-0.09809505372175761,0.16624804650260336,0.1809440958865345,0.02344678901433537
2010-10-01,-0.016495914565951682,-0.030668688499144867,0.08384810033273621,0.03491851959800571,-0.001630311787085662
2010-11-01,0.022632758331229064,-0.08461020946001208,0.12556895797601314,0.07701460053951616,-0.0693389744218576
2010-12-01,-0.31389583724913456,0.024385220828071714,0.00825821780369753,0.10934555503656174,-0.020268312538442957
2011-01-01,-0.07047195339900345,0.18991410975154255,0.0036409636180185895,-0.017891925322552422,0.012810582792364432
2011-02-01,0.012527461275478147,0.045707893563681636,0.11519398928387448,0.033233340190539994,-0.045241048623779964
2011-03-01,0.11061914620656177,-0.08134822381960115,0.1340432216020621,-0.01508318269180071,-0.013546959247236083
2011-04-01,0.0945456764737985,-0.12306133887628196,-0.02761056029827222,0.0329851094156636,0.009116009093446235
2011-05-01,0.14189696841426236,0.017351626153875494,-0.08264485901160451,-0.0690186746773672,0.04987398226059694
2011-06-01,0.19316085731568772,0.03469345861710603,0.006129780560370928,-0.015236027362810926,0.0030798234120955927
2011-07-01,0.03942386881946783,0.07861753452105413,0.04212021078362049,-0.025344875768161752,0.04593560829936896
2011-08-01,0.4065915758762495,-0.0017043436717809014,-0.05285651533786509,-0.12677394797197344,0.14467464094414412
2011-09-01,0.400712463635974,0.10144829584998871,-0.1451465681409176,-0.24995244573068856,0.08509124369696935
2011-10-01,-0.22402274556916307,-0.2641731436271881,0.059071197904340594,0.3659544962219661,0.015375776489855109
2011-11-01,0.29335372192775566,-0.025457917988644517,0.026088443276875317,-0.006964281664564309,-0.01723089565000961
2011-12-01,0.155146600188371,0.10147815422083581,-0.06063922391329166,-0.027427806326453124,-0.042126024980755045
2012-01-01,-0.5087176798386013,-0.00026245992283377775,-0.07915960369064183,0.02576349518682302,0.1295595411058265
2012-02-01,-0.07812211421917582,0.04988831536896586,0.036700247966758796,0.049142566411344096,-0.041633168179518
2012-03-01,0.019581004623812407,0.13703911124473062,0.03127594990837855,-0.024469171104040045,-0.06431981054765108
2012-04-01,0.18094443250222877,0.09662007456755817,0.028775106900405925,-0.05411262787441658,0.016784895659039033
2012-05-01,0.29981728758579046,0.13416889355401904,0.07791816536118759,-0.14652235717290174,0.019787439859479686
2012-06-01,0.005829455008137682,-0.028569716335072652,0.01178367624447576,0.02900807069440088,-0.04964166839363336
2012-07-01,0.18967597726697338,0.024112406713224996,0.052262440383007466,-0.07310206856265047,0.07767478582074888
2012-08-01,-0.04772426907443732,-0.07115065961963596,0.027393874229140726,0.09288804426594499,-0.05749659359085185
2012-09-01,-0.14767717372514375,0.06942369630278243,-0.05325038127020912,-0.01594080765707063,-0.01465919967326964
2012-10-01,0.17211730849108015,0.09189031505757578,-0.023815440392854346,0.07994164102949797,-0.06649569814777781
2012-11-01,0.06182137003935149,-0.023063280521993627,0.0430729451686265,0.05651112442239109,-0.008533733312469044
2012-12-01,-0.09251298393646706,0.0613234478178368,-0.07352564558083477,0.14962161065760549,-0.06919963170829758
2013-01-01,-0.16255774258775968,0.16306187555578966,0.011479375613113421,0.032126159169281104,-0.0432921275959498
2013-02-01,0.12344487956661901,0.0787199158732759,0.04453792212493976,-0.02945534103524866,-0.052978194041364904
2013-03-01,-0.03822096196584569,-0.008702999100429043,0.01804657897382425,0.03932110382117529,-0.06816662973950785
2013-04-01,0.11706495101663893,0.004708695567104058,0.0903215750252634,0.024818068581525674,-0.05204973869820206
2013-05-01,-0.18171526682602662,0.044439628868756846,0.0488981822446147,0.10223302986141586,-0.09007811365512061
2013-06-01,0.11864559907994399,0.08278106799083537,0.0710654946347177,-0.014124409394563076,-0.08015363383082041
2013-07-01,-0.19731132726343034,0.033104601693475025,0.04831453538174263,0.07948820256221646,-0.03620049286087216
2013-08-01,-0.10648710039764148,0.04485808523049228,-0.01178113744712931,-0.022674844634187487,0.031016591961301385
2013-09-01,-0.08021342297940304,0.020935004583875667,0.16477924745382067,0.0358392087063405,-0.057337649832593235
2013-10-01,0.11610029730619653,0.07420198563538896,-0.0799410425433098,0.08769368211999401,-0.03149508459438842
2013-11-01,0.0008869590187445646,-0.011505069725850766,0.10498516559163484,-0.013812801955950412,-0.027301644635961575
2013-12-01,-0.07275870275961081,0.013521068657142577,0.08672454165949925,-0.03189995880723318,-0.023973197074763655
2014-01-01,-0.2580985895576993,0.13587037734774798,0.14799375652443184,-0.25400768600797247,0.08385499301111583
2014-02-01,-0.10999947549674242,-0.024376357551936786,0.06828283019709279,0.022346480785427184,-0.05845014490472099
2014-03-01,0.14732575059611852,0.14006143163669976,-0.10443453908121056,0.019387985875677964,-0.016373110172432995
2014-04-01,0.22546588337872053,0.026432911441818616,-0.23381833485101233,0.06842901991209278,0.04696245209347098
2014-05-01,0.0771214883141643,-0.08786155680362424,0.0009601415674607931,0.03208315622420004,0.024211059598786753
2014-06-01,-0.17498353814637868,-0.06826442856650003,0.1078583155350615,0.02533408805762797,-0.030854046703268065
2014-07-01,0.1377315192666986,0.10109467176620811,-0.06538504111381241,0.0168934136088629,0.025856175591465753
2014-08-01,-0.00613571324093011,-0.07867666164256183,0.07102935097492674,0.06763047126203471,0.02373210292855109
2014-09-01,0.2484346787403917,-0.019879801206740134,0.002550300688225744,-0.06247879608263456,0.026503964029749374
2014-10-01,0.18673297283058007,-0.18262338134479844,-0.12375093971583476,0.04663677401045693,0.04403622024163837
2014-11-01,0.18033159806652183,0.004271926061617446,0.046561072896556636,0.004215448927323882,0.0067134576478694655
2014-12-01,0.06087593027539122,0.0203124954639999,-0.033174675132616016,-0.06970859292073193,-0.014516738177726108
2015-01-01,0.10523228636273163,-0.0034273059268812196,0.19940847452164034,-0.1527544317743808,0.06424729591711922
2015-02-01,-0.28603897128067096,-0.07323635316208284,-0.03388690390151371,0.10257316415795614,0.0862519507543713
2015-03-01,0.19319623876749076,-0.048655568565160616,0.11340097703808345,0.027194681996086087,-0.04346284915017691
2015-04-01,-0.2925876474605843,0.10875914416345937,-0.2801216342744758,0.0655642632029308,0.08966496639806092
2015-05-01,0.12479196860016661,-0.036337302880374754,0.228086251312951,-0.05049464902855787,0.020191795058478217
2015-06-01,0.1288345101792065,-0.0694073726707793,0.06455923183273088,-0.01521818589681037,-0.03929452669129235
2015-07-01,0.5131394869557383,-0.17218966259034396,0.2588302263760447,-0.06726619322796856,0.06332353668696489
2015-08-01,-0.05088307961588461,0.18052622614593133,-0.1731872201973276,0.00845311945875923,0.03897310077279491
2015-09-01,0.4536257978663297,0.08961757620702464,0.10292172254540893,-0.09992188152950099,0.11671777873244812
2015-10-01,-0.03378699363281071,-0.08099769169190654,-0.1572016689686565,0.12335142925126708,0.024834134055257355
2015-11-01,-0.04806636134256318,-0.09454315908851217,0.16614094149928965,-0.11655780112376768,0.08550751164305902
2015-12-01,0.2623734412085123,-0.034774551593812916,0.085383501411453,-0.07881805886002045,0.11396921214813001
2016-01-01,0.5027900693465394,0.15527859381714068,-0.027138063522591068,-0.06963781807034988,0.03185087992738485
2016-02-01,0.030466308496586134,0.08100589525342723,-0.0700263612087841,-0.01653423896087183,-0.02012990683469684
2016-03-01,-0.3824448182961834,0.08509768724171468,-0.2848580539750916,0.19445593691961677,-0.059604999598414324
2016-04-01,-0.44591348533390207,0.12642926982890687,-0.1098224468830121,0.020455329885694627,-0.14066447290055123
2016-05-01,0.15391657064492942,-0.06781704163280286,0.10169958396315994,-0.07027755320978651,0.09766142008750481
2016-06-01,0.09115216494670002,0.18218656087493085,0.1312957247098653,-0.012231166051129477,-0.04280233808959482
2016-07-01,-0.19193937239671177,0.029679022140565725,-0.01055507289904608,0.016592573720179162,-0.008028823458521989
2016-08-01,-0.1150957357558957,0.019891622737716327,-0.10027524532523645,0.004216421000573209,-0.0194476580833222
2016-09-01,-0.1624046208913803,-0.029719520801115888,0.06963898061905292,-0.06458449491474025,0.0007454126724978248
2016-10-01,0.33189554569363056,0.03633781192237753,-0.10553878434650123,0.09857795555697588,-0.023116836813005325
2016-11-01,-0.12322809590440852,0.14713760871141052,-0.03720167208347063,0.21115380980078763,-0.2105072859601651
2016-12-01,0.12681044651653217,0.07225451993877881,-0.16444014759117906,0.0891756768182627,-0.05924006437186421
2017-01-01,-0.17842269136529837,0.056537522206519995,0.08936281727244441,-0.043188467548130244,0.05170677933621324
2017-02-01,0.0628528654603417,-0.14810244661584943,-0.0008406215692110565,-0.06804052843405145,0.09666901413709358
2017-03-01,0.0332458014022489,-0.07023916532845131,0.05803750186576908,-0.0986095308680785,0.06039110581521919
2017-04-01,0.22184227482272162,-0.12461000993528205,-0.028210287932484465,-0.01927874160545203,0.00646606141055835
2017-05-01,0.24260402063791606,-0.10814250480537994,0.00035100637775884163,-0.02020092411508702,0.061097220508180304
2017-06-01,-0.15450688390299222,0.032245604445290205,0.0005938530460257094,-0.04216539016357444,0.0774480055414817
2017-07-01,0.0819984759623382,-0.07893565951464909,0.059397633472996904,0.07487177756396067,-0.011784312509921829
2017-08-01,0.14060398138194086,-0.09926316655104298,0.17267423799659304,-0.06689332141615445,0.02018647838171128
2017-09-01,-0.2942297135900044,0.06406633416038439,-0.053075779184707995,0.023179928926696118,-0.026289387669070883
2017-10-01,0.20804958468022894,-0.042722587105439136,0.10322640230525633,0.041712843852077366,-0.0016629292946557933
2017-11-01,-0.04435884853086396,0.055548282136194255,-0.08889240731106393,0.07399522244085484,-0.03930042914869099
2017-12-01,-0.09845669958267111,0.03181239698104885,-0.015656609234642453,0.0116289743296967,-0.05420292657305529
2018-01-01,-0.08685783586648843,-0.028966234832306193,0.11438385419954594,0.035380713143906777,0.02981042069226662
2018-02-01,0.09729297556055298,-0.0548321077259103,0.04682985634977336,-0.028223922917889933,0.004315054528924164
2018-03-01,0.018984175238498085,-0.012956013505982078,-0.07006011243402493,-0.007918021663347076,-0.02800660317501644
2018-04-01,-0.06249842609043202,0.038689634217977706,-0.032439026335579775,0.042724788503055555,-0.049361791766995025
2018-05-01,-0.17583747479183862,-0.05290931942968394,0.15246898171299716,-0.019947974355820776,-0.028557524986163218
2018-06-01,0.043494842350414314,0.020070996164970392,-0.09116727397681984,0.033423454014670985,-0.039939554636113886
2018-07-01,0.19110651638904452,-0.06945166003412012,-0.0995262253785787,0.10464139291943997,-0.012105490439348372
2018-08-01,0.07854084439049347,-0.15752450014584402,0.294909952644242,-0.000582268911311537,-0.024871946608178916
2018-09-01,0.026578896217818004,0.0007849855004490973,0.04372164774163957,-0.041726163234338635,0.019153499304311455
2018-10-01,0.2614336757057698,0.11608433742136731,-0.18451262647650196,-0.015465039283216438,0.046590253608331085
2018-11-01,0.19074849155353696,-0.15376972840831848,-0.048798616900548486,0.06386204114302638,0.09939944188890165
2018-12-01,0.4501593866350425,-0.1057439136832441,-0.04606598693332008,-0.04956208716286756,0.06130813015318641
2019-01-01,-0.6428326315140155,0.0691697383895759,-0.011380291189455376,0.00351417511192512,0.1309084080992983
2019-02-01,-0.12886286550377932,-0.0979032309903241,0.05354542683218595,0.0073615295410742795,0.03759268793864427
2019-03-01,0.023760436449844904,-0.09604576994185504,0.12931686938033032,-0.1738442215561379,0.10947591408187028
2019-04-01,0.11149267221005549,-0.07122489538940593,-0.08438856211392257,0.11708247491372431,0.010360017233137916
2019-05-01,0.3822578455505329,-0.029164617787533126,0.19662971376518723,-0.19290433053487469,0.07324138152735371
2019-06-01,0.028789600247714483,-0.19941114825135287,0.005210234552100354,0.17414342847383496,-0.05580144716681652
2019-07-01,0.22042163849001353,-0.08865478845576498,0.018128636848950247,0.06485926018308238,-0.018997782553631576
2019-08-01,0.27879351433634403,-0.04906033612679867,0.15740328801589518,-0.09218448715555524,0.06662464372014738
2019-09-01,-0.008027405431626278,0.20557680066016654,-0.36520037507867364,0.2422853972775157,-0.09072427975603009
2019-10-01,0.15192708397575677,-0.11170669960766105,0.07527015129615797,0.05458685229105566,0.016647795054810288
2019-11-01,-0.05528619992954438,-0.20683606022090922,0.07564301897631254,0.022328916062521843,0.0014408432827316183
2019-12-01,-0.32619456103490346,0.03358167591957993,-0.10863562146515944,-0.039466396942515684,-0.016366269728976715
2020-01-01,-0.029397752508255572,0.008150556423084404,0.23706504359328556,-0.34720941759658264,0.3559772415449812
2020-02-01,-0.012614540967075642,-0.03332146892648209,0.13964142457584958,-0.23602074810296722,0.0940636031000668
2020-03-01,0.4756891762149008,-0.2233736096754773,0.3357270809819145,-0.3668896664001764,0.39206117184652567
2020-04-01,-0.8914237041512667,0.10998658248959117,-0.1386361285774909,0.43180963228433616,-0.07182599776577843
2020-05-01,-0.24172141763837277,-0.1595556597202145,0.34224698445652324,-0.1614613465307218,0.05617704767647939
2020-06-01,-0.4006424251423295,0.2861338702824352,0.13694689252274256,-0.10131755833523118,-0.033430177224856604
2020-07-01,0.07048265341657402,0.021498416644035713,0.3468239390362433,-0.05685540109351116,-0.033158030924096096
2020-08-01,-0.05706448497988794,-0.03648060592163282,-0.14677201254327638,0.2597945504848502,-0.024218568806462056
2020-09-01,0.11365801270402144,-0.004921056666546776,0.14292903363007486,-0.12183589526331781,0.01957337819030528
2020-10-01,0.05997705293996693,0.08665106587194354,-0.1334729801345192,0.08686506507644043,-0.029839546709792695
2020-11-01,-0.9037959769827899,0.3459551888836068,-0.12079564269769025,0.31765704402059536,-0.35663616529698505
2020-12-01,-0.22490145869481934,0.1368618481527402,0.06680236439858547,-0.08997527085531278,-0.08560593717867038
2021-01-01,-0.8248581938980273,0.5924187600930573,0.5058041973616499,-0.18379086422245117,-0.27528175918478925
2021-02-01,-0.3019019076657392,0.3281177612089301,-0.15866980848804665,0.15390022669923809,-0.2314244893090579
2021-03-01,0.26323065563509707,0.2623019733652089,-0.2565104503428138,0.1437807392640927,-0.08360080502675805
2021-04-01,0.19981504590734714,-0.04301441386608794,-0.12111900167677093,0.11894139547110943,-0.02802255406253394
2021-05-01,0.08564233300218523,0.28116489728108507,-0.10789358437555223,0.19491732475228135,-0.2157829737647003
2021-06-01,-0.20643165190671126,-0.041493463475651096,0.25344250863454454,-0.05773928169214024,-0.029746937688496934
2021-07-01,0.49618507471814577,0.02645183673006167,-0.20234659711711298,0.049267581752095876,0.12311055433542988
2021-08-01,-0.012932333544136932,-0.03154332523334126,0.13687301887800501,-0.04513390802228629,0.005249628128785877
2021-09-01,0.061613026052607066,0.20581737716417695,0.052870957681684976,0.0037084503660678248,-0.13088283181160396
2021-10-01,0.15954057799807642,-0.10129108622371644,0.030879322353626587,0.17736065984967417,-0.025675432491299215
2021-11-01,0.40479299987903494,0.08310061416698955,-0.05805118306668774,0.08314969992104113,-0.03861285069568532
2021-12-01,0.5060851441493271,0.25271776162496445,-0.13540219240469695,0.18486365945009212,-0.1373564639679436
2022-01-01,0.37519002238755916,0.49995646896146423,-0.18407566334165695,0.13020457261011853,-0.21168341726541134
2022-02-01,0.09610149620267958,0.14625564853305614,0.10132306865826211,0.13581974731121435,-0.21433815079357657
2022-03-01,-0.1275612406838717,0.08802487754528054,0.11139917426989218,-0.05227552071103451,0.011624081723947216
2022-04-01,0.6100258377457224,0.39112054788250544,0.00930053555082283,0.16769704354090967,-0.24198601804927247
2022-05-01,0.34666020288993415,0.15051478189542614,-0.013301983447265117,0.16778496211800287,-0.16572321162865253
2022-06-01,0.034903621563154116,-0.05695221918004956,-0.037957268011086,-0.24371563472979235,0.23282658328498598
2022-07-01,-0.00363780640790343,-0.24082575554195862,0.023972925752948484,0.20433287172938694,0.04831013829569758
2022-08-01,-0.2487121447665703,0.0762548787268827,0.08279345555228301,-0.06567193661187956,-0.025790678425442744
2022-09-01,0.3773207624470517,-0.055392781686065096,0.07396006810179728,-0.08881178654368543,0.013939742750625317
2022-10-01,0.22096444103896634,0.056920616935131285,0.04988001706675933,0.3380465215865912,-0.2266727281164233
2022-11-01,0.3106210363168976,-0.10760892770125853,-0.09777014069436622,0.2541710972935486,-0.11325771308856968
2022-12-01,0.23406750435954282,0.12885053536540927,0.05738797763977274,-0.13857820736866197,-0.028558538066009633
2023-01-01,-1.0580384260233695,0.12203435796774897,-0.2233330042699498,0.09122131438752049,0.3781017897384126
2023-02-01,0.2916310322683109,-0.028295445533468907,0.030246927752064126,0.0909934518290253,-0.04837113274224514
2023-03-01,0.3369819121817702,-0.30784998251009865,0.1700364262808912,-0.02623474404563434,-0.003070066333824756
2023-04-01,0.1942650591833315,0.00033652057476528385,0.05772431623884072,-0.08317350648370014,0.024037743831054732
2023-05-01,-0.19614857402361452,-0.17621257976400778,0.07193155620478597,-0.1290485885426403,0.1597833431378689
2023-06-01,0.04170455246441071,-0.13268276636325732,-0.05189370657103494,0.322425784675205,-0.15771200948060865
2023-07-01,-0.2256802041006279,-0.024653986695936422,-0.21410156330873759,0.2728380150172602,-0.12673518188288393
2023-08-01,0.5207621833749112,-0.07185849305920716,0.035433892629847086,0.053682174246283174,0.022986005768675516
2023-09-01,0.3057797185399486,-0.06016056174724635,-0.07759918480510664,0.01579868132717095,-0.04254736091362306
2023-10-01,0.43527188899419633,-0.10290345550402476,-0.11750928877797773,0.05391890545065326,0.07959685764499783
2023-11-01,-0.068338382203871,-0.01564136258462381,0.20334918398524388,0.15561593509837482,-0.10863548789653193
2023-12-01,-0.302301963982326,-0.016296491844763006,0.05455650655938993,0.088939339130575,-0.1554051181081886
